TXT_TIPO;TIPO;ALTOTABLA;TXT_COLOR;COLOR;ANCHOTABLA;TRANSPARENTE;MATE;BRONCE;GRIS;GRIS OSCURO;ESPECIAL
CORREDERA;01;2700;NEGRO MATE TEXT;L.NMT;600;473,346;611,971;512,291;512,291;611,971;673,168
CORREDERA;01;2700;NEGRO MATE TEXT;L.NMT;700;489,826;651,553;535,261;535,261;651,553;716,709
CORREDERA;01;2700;NEGRO MATE TEXT;L.NMT;800;506,305;691,136;558,23;558,23;691,136;760,25
CORREDERA;01;2700;NEGRO MATE TEXT;L.NMT;900;535,737;743,673;594,154;594,154;743,673;818,041
CORREDERA;01;2700;NEGRO MATE TEXT;L.NMT;1000;552,216;783,256;617,123;617,123;783,256;861,582
CORREDERA;01;2700;NEGRO MATE TEXT;L.NMT;1100;580,375;834,52;651,773;651,773;834,52;917,972
CORREDERA;01;2700;NEGRO MATE TEXT;L.NMT;1200;596,854;874,102;674,743;674,743;874,102;961,512
CORREDERA;01;2700;NEGRO MATE TEXT;L.NMT;1300;635,733;936,086;720,113;720,113;936,086;1029,695
CORREDERA;01;2700;NEGRO MATE TEXT;L.NMT;1400;652,213;975,67;743,083;743,083;975,67;1073,236
CORREDERA;01;2700;NEGRO MATE TEXT;L.NMT;1500;665,347;1011,907;762,708;762,708;1011,907;1113,099
CORREDERA;01;2500;NEGRO MATE TEXT;L.NMT;600;446,198;562,761;478,372;478,372;562,761;619,037
CORREDERA;01;2500;NEGRO MATE TEXT;L.NMT;700;460,712;596,702;498,249;498,249;596,702;656,372
CORREDERA;01;2500;NEGRO MATE TEXT;L.NMT;800;475,227;630,644;518,126;518,126;630,644;693,709
CORREDERA;01;2500;NEGRO MATE TEXT;L.NMT;900;502,694;677,539;550,956;550,956;677,539;745,293
CORREDERA;01;2500;NEGRO MATE TEXT;L.NMT;1000;517,209;711,481;570,833;570,833;711,481;782,629
CORREDERA;01;2500;NEGRO MATE TEXT;L.NMT;1100;564,413;799,732;630,522;630,522;799,732;879,705
CORREDERA;01;2500;NEGRO MATE TEXT;L.NMT;1200;579,99;836,701;652,109;652,109;836,701;920,372
CORREDERA;01;2500;NEGRO MATE TEXT;L.NMT;1300;617,967;896,071;696,096;696,096;896,071;985,678
CORREDERA;01;2500;NEGRO MATE TEXT;L.NMT;1400;633,544;933,04;717,682;717,682;933,04;1026,344
CORREDERA;01;2500;NEGRO MATE TEXT;L.NMT;1500;645,909;966,799;736,058;736,058;966,799;1063,478
CORREDERA;01;2700;BLANCO MATE;L.BM03;600;473,346;611,971;512,291;512,291;611,971;673,168
CORREDERA;01;2700;BLANCO MATE;L.BM03;700;489,826;651,553;535,261;535,261;651,553;716,709
CORREDERA;01;2700;BLANCO MATE;L.BM03;800;506,305;691,136;558,23;558,23;691,136;760,25
CORREDERA;01;2700;BLANCO MATE;L.BM03;900;535,737;743,673;594,154;594,154;743,673;818,041
CORREDERA;01;2700;BLANCO MATE;L.BM03;1000;552,216;783,256;617,123;617,123;783,256;861,582
CORREDERA;01;2700;BLANCO MATE;L.BM03;1100;580,375;834,52;651,773;651,773;834,52;917,972
CORREDERA;01;2700;BLANCO MATE;L.BM03;1200;596,854;874,102;674,743;674,743;874,102;961,512
CORREDERA;01;2700;BLANCO MATE;L.BM03;1300;635,733;936,086;720,113;720,113;936,086;1029,695
CORREDERA;01;2700;BLANCO MATE;L.BM03;1400;652,213;975,67;743,083;743,083;975,67;1073,236
CORREDERA;01;2700;BLANCO MATE;L.BM03;1500;665,347;1011,907;762,708;762,708;1011,907;1113,099
CORREDERA;01;2500;BLANCO MATE;L.BM03;600;446,198;562,761;478,372;478,372;562,761;619,037
CORREDERA;01;2500;BLANCO MATE;L.BM03;700;460,712;596,702;498,249;498,249;596,702;656,372
CORREDERA;01;2500;BLANCO MATE;L.BM03;800;475,227;630,644;518,126;518,126;630,644;693,709
CORREDERA;01;2500;BLANCO MATE;L.BM03;900;502,694;677,539;550,956;550,956;677,539;745,293
CORREDERA;01;2500;BLANCO MATE;L.BM03;1000;517,209;711,481;570,833;570,833;711,481;782,629
CORREDERA;01;2500;BLANCO MATE;L.BM03;1100;564,413;799,732;630,522;630,522;799,732;879,705
CORREDERA;01;2500;BLANCO MATE;L.BM03;1200;579,99;836,701;652,109;652,109;836,701;920,372
CORREDERA;01;2500;BLANCO MATE;L.BM03;1300;617,967;896,071;696,096;696,096;896,071;985,678
CORREDERA;01;2500;BLANCO MATE;L.BM03;1400;633,544;933,04;717,682;717,682;933,04;1026,344
CORREDERA;01;2500;BLANCO MATE;L.BM03;1500;645,909;966,799;736,058;736,058;966,799;1063,478
CORREDERA;01;2700;CORTEN;L.C;600;473,346;611,971;512,291;512,291;611,971;673,168
CORREDERA;01;2700;CORTEN;L.C;700;489,826;651,553;535,261;535,261;651,553;716,709
CORREDERA;01;2700;CORTEN;L.C;800;506,305;691,136;558,23;558,23;691,136;760,25
CORREDERA;01;2700;CORTEN;L.C;900;535,737;743,673;594,154;594,154;743,673;818,041
CORREDERA;01;2700;CORTEN;L.C;1000;552,216;783,256;617,123;617,123;783,256;861,582
CORREDERA;01;2700;CORTEN;L.C;1100;580,375;834,52;651,773;651,773;834,52;917,972
CORREDERA;01;2700;CORTEN;L.C;1200;596,854;874,102;674,743;674,743;874,102;961,512
CORREDERA;01;2700;CORTEN;L.C;1300;635,733;936,086;720,113;720,113;936,086;1029,695
CORREDERA;01;2700;CORTEN;L.C;1400;652,213;975,67;743,083;743,083;975,67;1073,236
CORREDERA;01;2700;CORTEN;L.C;1500;665,347;1011,907;762,708;762,708;1011,907;1113,099
CORREDERA;01;2500;CORTEN;L.C;600;446,198;562,761;478,372;478,372;562,761;619,037
CORREDERA;01;2500;CORTEN;L.C;700;460,712;596,702;498,249;498,249;596,702;656,372
CORREDERA;01;2500;CORTEN;L.C;800;475,227;630,644;518,126;518,126;630,644;693,709
CORREDERA;01;2500;CORTEN;L.C;900;502,694;677,539;550,956;550,956;677,539;745,293
CORREDERA;01;2500;CORTEN;L.C;1000;517,209;711,481;570,833;570,833;711,481;782,629
CORREDERA;01;2500;CORTEN;L.C;1100;564,413;799,732;630,522;630,522;799,732;879,705
CORREDERA;01;2500;CORTEN;L.C;1200;579,99;836,701;652,109;652,109;836,701;920,372
CORREDERA;01;2500;CORTEN;L.C;1300;617,967;896,071;696,096;696,096;896,071;985,678
CORREDERA;01;2500;CORTEN;L.C;1400;633,544;933,04;717,682;717,682;933,04;1026,344
CORREDERA;01;2500;CORTEN;L.C;1500;645,909;966,799;736,058;736,058;966,799;1063,478
CORREDERA;01;2700;ROBLE;C.RB;600;527,647;666,272;566,592;609,295;666,272;732,899
CORREDERA;01;2700;ROBLE;C.RB;700;544,229;705,958;589,665;696,337;705,958;776,553
CORREDERA;01;2700;ROBLE;C.RB;800;560,812;745,645;612,738;905,028;745,645;820,209
CORREDERA;01;2700;ROBLE;C.RB;900;590,348;798,284;648,765;505,473;798,284;878,112
CORREDERA;01;2700;ROBLE;C.RB;1000;606,931;837,971;671,838;232,811;837,971;921,768
CORREDERA;01;2700;ROBLE;C.RB;1100;635,193;889,337;706,591;809,596;889,337;978,271
CORREDERA;01;2700;ROBLE;C.RB;1200;651,775;929,023;729,664;810,645;929,023;1021,926
CORREDERA;01;2700;ROBLE;C.RB;1300;690,759;991,111;775,138;517,009;991,111;1090,222
CORREDERA;01;2700;ROBLE;C.RB;1400;707,341;1030,798;798,212;532,74;1030,798;1133,878
CORREDERA;01;2700;ROBLE;C.RB;1500;720,305;1066,866;817,666;884,054;1066,866;1173,552
CORREDERA;01;2500;ROBLE;C.RB;600;507,458;624,021;539,632;539,632;624,021;686,422
CORREDERA;01;2500;ROBLE;C.RB;700;522,388;658,378;559,925;559,925;658,378;724,215
CORREDERA;01;2500;ROBLE;C.RB;800;537,319;692,737;580,217;580,217;692,737;762,011
CORREDERA;01;2500;ROBLE;C.RB;900;565,203;740,048;613,464;613,464;740,048;814,052
CORREDERA;01;2500;ROBLE;C.RB;1000;580,133;774,405;633,758;633,758;774,405;851,845
CORREDERA;01;2500;ROBLE;C.RB;1100;627,754;863,073;693,863;693,863;863,073;949,38
CORREDERA;01;2500;ROBLE;C.RB;1200;643,747;900,458;715,866;715,866;900,458;990,503
CORREDERA;01;2500;ROBLE;C.RB;1300;682,141;960,244;760,269;760,269;960,244;1056,268
CORREDERA;01;2500;ROBLE;C.RB;1400;698,133;997,629;782,271;782,271;997,629;1097,392
CORREDERA;01;2500;ROBLE;C.RB;1500;714,126;1035,014;804,274;804,274;1035,014;1138,516
CORREDERA;01;2700;NOGAL;C.NG;600;533,364;671,987;572,307;572,307;671,987;739,186
CORREDERA;01;2700;NOGAL;C.NG;700;550,149;711,877;595,584;595,584;711,877;783,065
CORREDERA;01;2700;NOGAL;C.NG;800;566,936;751,768;618,861;618,861;751,768;826,945
CORREDERA;01;2700;NOGAL;C.NG;900;596,676;804,611;655,091;655,091;804,611;885,072
CORREDERA;01;2700;NOGAL;C.NG;1000;613,461;844,501;678,368;678,368;844,501;928,951
CORREDERA;01;2700;NOGAL;C.NG;1100;641,928;896,072;713,326;713,326;896,072;985,679
CORREDERA;01;2700;NOGAL;C.NG;1200;658,714;935,963;736,603;736,603;935,963;1029,559
CORREDERA;01;2700;NOGAL;C.NG;1300;697,9;998,253;782,28;782,28;998,253;1098,079
CORREDERA;01;2700;NOGAL;C.NG;1400;714,687;1038,143;805,557;805,557;1038,143;1141,957
CORREDERA;01;2700;NOGAL;C.NG;1500;727,65;1074,211;825,011;825,011;1074,211;1181,632
CORREDERA;01;2500;NOGAL;C.NG;600;513,281;629,844;545,455;545,455;629,844;692,829
CORREDERA;01;2500;NOGAL;C.NG;700;528,432;664,422;565,968;565,968;664,422;730,864
CORREDERA;01;2500;NOGAL;C.NG;800;543,582;698,999;586,481;586,481;698,999;768,899
CORREDERA;01;2500;NOGAL;C.NG;900;571,687;746,532;619,948;619,948;746,532;821,185
CORREDERA;01;2500;NOGAL;C.NG;1000;586,838;781,11;640,461;640,461;781,11;859,221
CORREDERA;01;2500;NOGAL;C.NG;1100;634,678;869,997;700,787;700,787;869,997;956,997
CORREDERA;01;2500;NOGAL;C.NG;1200;650,891;907,603;723,01;723,01;907,603;998,363
CORREDERA;01;2500;NOGAL;C.NG;1300;689,505;967,608;767,634;767,634;967,608;1064,369
CORREDERA;01;2500;NOGAL;C.NG;1400;705,717;1005,214;789,857;789,857;1005,214;1105,735
CORREDERA;01;2500;NOGAL;C.NG;1500;721,93;1042,82;812,08;812,08;1042,82;1147,102
CORREDERA;01;2700;ESPECIAL;ESP;600;520,682;673,168;563,52;563,52;673,168;740,485
CORREDERA;01;2700;ESPECIAL;ESP;700;538,808;716,709;588,786;588,786;716,709;788,38
CORREDERA;01;2700;ESPECIAL;ESP;800;556,935;760,25;614,054;614,054;760,25;836,275
CORREDERA;01;2700;ESPECIAL;ESP;900;589,311;818,041;653,569;653,569;818,041;899,844
CORREDERA;01;2700;ESPECIAL;ESP;1000;607,437;861,582;678,836;678,836;861,582;947,74
CORREDERA;01;2700;ESPECIAL;ESP;1100;638,412;917,972;716,951;716,951;917,972;1009,769
CORREDERA;01;2700;ESPECIAL;ESP;1200;656,54;961,512;742,217;742,217;961,512;1057,663
CORREDERA;01;2700;ESPECIAL;ESP;1300;699,307;1029,695;792,124;792,124;1029,695;1132,665
CORREDERA;01;2700;ESPECIAL;ESP;1400;717,435;1073,236;817,391;817,391;1073,236;1180,56
CORREDERA;01;2700;ESPECIAL;ESP;1500;731,881;1113,099;838,979;838,979;1113,099;1224,409
CORREDERA;01;2500;ESPECIAL;ESP;600;490,818;619,037;526,209;526,209;619,037;680,941
CORREDERA;01;2500;ESPECIAL;ESP;700;506,783;656,372;548,074;548,074;656,372;722,009
CORREDERA;01;2500;ESPECIAL;ESP;800;522,75;693,709;569,939;569,939;693,709;763,079
CORREDERA;01;2500;ESPECIAL;ESP;900;552,964;745,293;606,051;606,051;745,293;819,822
CORREDERA;01;2500;ESPECIAL;ESP;1000;568,93;782,629;627,915;627,915;782,629;860,893
CORREDERA;01;2500;ESPECIAL;ESP;1100;620,855;879,705;693,575;693,575;879,705;967,675
CORREDERA;01;2500;ESPECIAL;ESP;1200;637,989;920,372;717,32;717,32;920,372;1012,409
CORREDERA;01;2500;ESPECIAL;ESP;1300;679,764;985,678;765,705;765,705;985,678;1084,247
CORREDERA;01;2500;ESPECIAL;ESP;1400;696,898;1026,344;789,45;789,45;1026,344;1128,978
CORREDERA;01;2500;ESPECIAL;ESP;1500;710,499;1063,478;809,665;809,665;1063,478;1169,826
FIJO;02;2700;NEGRO MATE TEXT;L.NMT;500;350,852;489,487;389,807;389,807;489,487;538,436
FIJO;02;2700;NEGRO MATE TEXT;L.NMT;1000;424,246;655,286;489,154;489,154;655,286;720,816
FIJO;02;2700;NEGRO MATE TEXT;L.NMT;1500;506,642;853,202;604,003;604,003;853,202;938,523
FIJO;02;2500;NEGRO MATE TEXT;L.NMT;500;323,848;356,022;356,022;356,022;356,022;391,624
FIJO;02;2500;NEGRO MATE TEXT;L.NMT;1000;389,24;442,864;442,864;442,864;442,864;487,151
FIJO;02;2500;NEGRO MATE TEXT;L.NMT;1500;487,07;577,219;577,219;577,219;577,219;634,941
FIJO;02;2700;BLANCO MATE;L.BM03;500;350,852;489,487;389,807;389,807;489,487;538,436
FIJO;02;2700;BLANCO MATE;L.BM03;1000;424,246;655,286;489,154;489,154;655,286;720,816
FIJO;02;2700;BLANCO MATE;L.BM03;1500;506,642;853,202;604,003;604,003;853,202;938,523
FIJO;02;2500;BLANCO MATE;L.BM03;500;350,852;356,022;356,022;356,022;356,022;391,624
FIJO;02;2500;BLANCO MATE;L.BM03;1000;424,246;442,864;442,864;442,864;442,864;487,151
FIJO;02;2500;BLANCO MATE;L.BM03;1500;506,642;577,219;577,219;577,219;577,219;634,941
FIJO;02;2700;CORTEN;L.C;500;350,852;489,487;389,807;389,807;489,487;538,436
FIJO;02;2700;CORTEN;L.C;1000;424,246;655,286;489,154;489,154;655,286;720,816
FIJO;02;2700;CORTEN;L.C;1500;506,642;853,202;604,003;604,003;853,202;938,523
FIJO;02;2500;CORTEN;L.C;500;350,852;356,022;356,022;356,022;356,022;391,624
FIJO;02;2500;CORTEN;L.C;1000;424,246;442,864;442,864;442,864;442,864;487,151
FIJO;02;2500;CORTEN;L.C;1500;506,642;577,219;577,219;577,219;577,219;634,941
FIJO;02;2700;ROBLE;C.RB;500;404,814;543,437;443,758;443,758;543,437;597,781
FIJO;02;2700;ROBLE;C.RB;1000;478,961;710,001;543,868;543,868;710,001;781,001
FIJO;02;2700;ROBLE;C.RB;1500;561,874;908,434;659,235;659,235;908,434;999,278
FIJO;02;2500;ROBLE;C.RB;500;377,186;493,749;409,36;409,36;493,749;543,124
FIJO;02;2500;ROBLE;C.RB;1000;443,324;637,596;496,947;496,947;637,596;701,356
FIJO;02;2500;ROBLE;C.RB;1500;541,671;862,561;631,821;631,821;862,561;948,818
FIJO;02;2700;NOGAL;C.NG;500;410,177;548,801;449,122;449,122;548,801;603,682
FIJO;02;2700;NOGAL;C.NG;1000;485,493;716,533;550,4;550,4;716,533;788,186
FIJO;02;2700;NOGAL;C.NG;1500;569,423;915,984;666,784;666,784;915,984;1007,583
FIJO;02;2500;NOGAL;C.NG;500;382,228;498,791;414,402;414,402;498,791;548,67
FIJO;02;2500;NOGAL;C.NG;1000;449,525;643,797;503,148;503,148;643,797;708,177
FIJO;02;2500;NOGAL;C.NG;1500;548,892;869,78;639,04;639,04;869,78;956,758
FIJO;02;2700;ESPECIAL;ESP;500;385,937;538,436;428,788;428,788;538,436;592,28
FIJO;02;2700;ESPECIAL;ESP;1000;466,672;720,816;538,069;538,069;720,816;792,897
FIJO;02;2700;ESPECIAL;ESP;1500;557,305;938,523;664,403;664,403;938,523;1032,375
FIJO;02;2500;ESPECIAL;ESP;500;356,233;391,624;391,624;391,624;391,624;430,787
FIJO;02;2500;ESPECIAL;ESP;1000;428,163;487,151;487,151;487,151;487,151;535,866
FIJO;02;2500;ESPECIAL;ESP;1500;535,777;634,941;634,941;634,941;634,941;698,435
ABATIBLEMAG;05;2700;BLANCO MATE;L.BM03;600;559,26;697,884;598,204;598,204;697,884;767,673
ABATIBLEMAG;05;2700;BLANCO MATE;L.BM03;800;576,079;737,807;621,514;621,514;737,807;811,587
ABATIBLEMAG;05;2700;BLANCO MATE;L.BM03;700;592,898;777,73;644,824;644,824;777,73;855,502
ABATIBLEMAG;05;2700;BLANCO MATE;L.BM03;900;609,716;817,653;668,133;668,133;817,653;899,418
ABATIBLEMAG;05;2700;BLANCO MATE;L.BM03;1000;626,535;857,575;691,443;691,443;857,575;943,333
ABATIBLEMAG;05;2700;BLANCO MATE;L.BM03;1100;643,354;859,044;714,753;714,753;859,044;944,948
ABATIBLEMAG;05;2500;BLANCO MATE;L.BM03;600;529,223;645,786;561,397;561,397;645,786;710,365
ABATIBLEMAG;05;2500;BLANCO MATE;L.BM03;800;544,078;680,068;581,614;581,614;680,068;748,075
ABATIBLEMAG;05;2500;BLANCO MATE;L.BM03;700;558,933;714,35;601,831;601,831;714,35;785,786
ABATIBLEMAG;05;2500;BLANCO MATE;L.BM03;900;573,787;748,631;622,048;622,048;748,631;823,495
ABATIBLEMAG;05;2500;BLANCO MATE;L.BM03;1000;588,642;782,913;642,265;642,265;782,913;861,205
ABATIBLEMAG;05;2500;BLANCO MATE;L.BM03;1100;624,506;859,824;690,615;690,615;859,824;945,807
ABATIBLEMAG;05;2700;NEGRO MATE TEXT;L.NMT;600;559,26;697,884;598,204;598,204;697,884;767,673
ABATIBLEMAG;05;2700;NEGRO MATE TEXT;L.NMT;800;576,079;737,807;621,514;621,514;737,807;811,587
ABATIBLEMAG;05;2700;NEGRO MATE TEXT;L.NMT;700;592,898;777,73;644,824;644,824;777,73;855,502
ABATIBLEMAG;05;2700;NEGRO MATE TEXT;L.NMT;900;609,716;817,653;668,133;668,133;817,653;899,418
ABATIBLEMAG;05;2700;NEGRO MATE TEXT;L.NMT;1000;626,535;857,575;691,443;691,443;857,575;943,333
ABATIBLEMAG;05;2700;NEGRO MATE TEXT;L.NMT;1100;643,354;859,044;714,753;714,753;859,044;944,948
ABATIBLEMAG;05;2500;NEGRO MATE TEXT;L.NMT;600;529,223;645,786;561,397;561,397;645,786;710,365
ABATIBLEMAG;05;2500;NEGRO MATE TEXT;L.NMT;800;544,078;680,068;581,614;581,614;680,068;748,075
ABATIBLEMAG;05;2500;NEGRO MATE TEXT;L.NMT;700;558,933;714,35;601,831;601,831;714,35;785,786
ABATIBLEMAG;05;2500;NEGRO MATE TEXT;L.NMT;900;573,787;748,631;622,048;622,048;748,631;823,495
ABATIBLEMAG;05;2500;NEGRO MATE TEXT;L.NMT;1000;588,642;782,913;642,265;642,265;782,913;861,205
ABATIBLEMAG;05;2500;NEGRO MATE TEXT;L.NMT;1100;624,506;859,824;690,615;690,615;859,824;945,807
ABATIBLEMAG;05;2700;CORTEN;L.C;600;559,26;697,884;598,204;598,204;697,884;767,673
ABATIBLEMAG;05;2700;CORTEN;L.C;800;576,079;737,807;621,514;621,514;737,807;811,587
ABATIBLEMAG;05;2700;CORTEN;L.C;700;592,898;777,73;644,824;644,824;777,73;855,502
ABATIBLEMAG;05;2700;CORTEN;L.C;900;609,716;817,653;668,133;668,133;817,653;899,418
ABATIBLEMAG;05;2700;CORTEN;L.C;1000;626,535;857,575;691,443;691,443;857,575;943,333
ABATIBLEMAG;05;2700;CORTEN;L.C;1100;643,354;859,044;714,753;714,753;859,044;944,948
ABATIBLEMAG;05;2500;CORTEN;L.C;600;529,223;645,786;561,397;561,397;645,786;710,365
ABATIBLEMAG;05;2500;CORTEN;L.C;800;544,078;680,068;581,614;581,614;680,068;748,075
ABATIBLEMAG;05;2500;CORTEN;L.C;700;558,933;714,35;601,831;601,831;714,35;785,786
ABATIBLEMAG;05;2500;CORTEN;L.C;900;573,787;748,631;622,048;622,048;748,631;823,495
ABATIBLEMAG;05;2500;CORTEN;L.C;1000;588,642;782,913;642,265;642,265;782,913;861,205
ABATIBLEMAG;05;2500;CORTEN;L.C;1100;624,506;859,824;690,615;690,615;859,824;945,807
ABATIBLEMAG;05;2700;ROBLE;C.RB;600;661,977;800,602;700,922;700,922;800,602;880,662
ABATIBLEMAG;05;2700;ROBLE;C.RB;800;680,059;841,787;725,494;725,494;841,787;925,966
ABATIBLEMAG;05;2700;ROBLE;C.RB;700;698,141;882,973;750,066;750,066;882,973;971,27
ABATIBLEMAG;05;2700;ROBLE;C.RB;900;716,222;924,158;774,638;774,638;924,158;1016,574
ABATIBLEMAG;05;2700;ROBLE;C.RB;1000;734,303;965,343;799,21;799,21;965,343;1061,877
ABATIBLEMAG;05;2700;ROBLE;C.RB;1100;752,385;1006,529;823,783;823,783;1006,529;1107,182
ABATIBLEMAG;05;2500;ROBLE;C.RB;600;629,412;745,975;661,586;661,586;745,975;820,572
ABATIBLEMAG;05;2500;ROBLE;C.RB;800;645,529;781,52;683,066;683,066;781,52;859,672
ABATIBLEMAG;05;2500;ROBLE;C.RB;700;661,646;817,063;704,545;704,545;817,063;898,769
ABATIBLEMAG;05;2500;ROBLE;C.RB;900;677,763;852,608;726,024;726,024;852,608;937,868
ABATIBLEMAG;05;2500;ROBLE;C.RB;1000;693,88;888,151;747,504;747,504;888,151;976,967
ABATIBLEMAG;05;2500;ROBLE;C.RB;1100;731,007;966,326;797,116;797,116;966,326;1062,958
ABATIBLEMAG;05;2700;NOGAL;C.NG;600;679,212;817,836;718,156;718,156;817,836;899,62
ABATIBLEMAG;05;2700;NOGAL;C.NG;800;697,802;859,529;743,237;743,237;859,529;945,482
ABATIBLEMAG;05;2700;NOGAL;C.NG;700;716,391;901,223;768,317;768,317;901,223;991,346
ABATIBLEMAG;05;2700;NOGAL;C.NG;900;734,981;942,918;793,398;793,398;942,918;1037,209
ABATIBLEMAG;05;2700;NOGAL;C.NG;1000;753,572;984,612;818,479;818,479;984,612;1083,073
ABATIBLEMAG;05;2700;NOGAL;C.NG;1100;772,161;1026,305;843,559;843,559;1026,305;1128,936
ABATIBLEMAG;05;2500;NOGAL;C.NG;600;645,728;762,291;677,902;677,902;762,291;838,52
ABATIBLEMAG;05;2500;NOGAL;C.NG;800;662,353;798,343;699,889;699,889;798,343;878,177
ABATIBLEMAG;05;2500;NOGAL;C.NG;700;678,978;834,395;721,877;721,877;834,395;917,835
ABATIBLEMAG;05;2500;NOGAL;C.NG;900;695,604;870,448;743,865;743,865;870,448;957,494
ABATIBLEMAG;05;2500;NOGAL;C.NG;1000;712,229;906,5;765,852;765,852;906,5;997,15
ABATIBLEMAG;05;2500;NOGAL;C.NG;1100;749,863;985,182;815,972;815,972;985,182;1083,7
ABATIBLEMAG;05;2700;ESPECIAL;ESP;600;615,186;767,673;658,024;658,024;767,673;844,439
ABATIBLEMAG;05;2700;ESPECIAL;ESP;800;633,687;811,587;683,665;683,665;811,587;892,746
ABATIBLEMAG;05;2700;ESPECIAL;ESP;700;652,189;855,502;709,306;709,306;855,502;941,052
ABATIBLEMAG;05;2700;ESPECIAL;ESP;900;670,688;899,418;734,947;734,947;899,418;989,359
ABATIBLEMAG;05;2700;ESPECIAL;ESP;1000;689,189;943,333;760,586;760,586;943,333;1037,667
ABATIBLEMAG;05;2700;ESPECIAL;ESP;1100;707,69;944,948;786,228;786,228;944,948;1039,443
ABATIBLEMAG;05;2500;ESPECIAL;ESP;600;582,146;710,365;617,537;617,537;710,365;781,402
ABATIBLEMAG;05;2500;ESPECIAL;ESP;800;598,486;748,075;639,776;639,776;748,075;822,883
ABATIBLEMAG;05;2500;ESPECIAL;ESP;700;614,827;785,786;662,014;662,014;785,786;864,365
ABATIBLEMAG;05;2500;ESPECIAL;ESP;900;631,165;823,495;684,253;684,253;823,495;905,844
ABATIBLEMAG;05;2500;ESPECIAL;ESP;1000;647,506;861,205;706,491;706,491;861,205;947,325
ABATIBLEMAG;05;2500;ESPECIAL;ESP;1100;686,957;945,807;759,676;759,676;945,807;1040,388
ABATDOBMAG;06;2700;BLANCO MATE;L.BM03;1200;969,452;1246,7;1047,341;1047,341;1246,7;1371,37
ABATDOBMAG;06;2700;BLANCO MATE;L.BM03;1400;1003,496;1326,953;1094,366;1094,366;1326,953;1459,648
ABATDOBMAG;06;2700;BLANCO MATE;L.BM03;1600;1037,54;1407,204;1141,391;1141,391;1407,204;1547,925
ABATDOBMAG;06;2700;BLANCO MATE;L.BM03;1800;1071,584;1487,456;1188,416;1188,416;1487,456;1636,202
ABATDOBMAG;06;2700;BLANCO MATE;L.BM03;2000;1105,628;1567,708;1235,442;1235,442;1567,708;1724,479
ABATDOBMAG;06;2700;NEGRO MATE TEXT;L.NMT;1200;969,452;1246,7;1047,341;1047,341;1246,7;1371,37
ABATDOBMAG;06;2700;NEGRO MATE TEXT;L.NMT;1400;1003,496;1326,953;1094,366;1094,366;1326,953;1459,648
ABATDOBMAG;06;2700;NEGRO MATE TEXT;L.NMT;1600;1037,54;1407,204;1141,391;1141,391;1407,204;1547,925
ABATDOBMAG;06;2700;NEGRO MATE TEXT;L.NMT;1800;1071,584;1487,456;1188,416;1188,416;1487,456;1636,202
ABATDOBMAG;06;2700;NEGRO MATE TEXT;L.NMT;2000;1105,628;1567,708;1235,442;1235,442;1567,708;1724,479
ABATDOBMAG;06;2700;CORTEN;L.C;1200;969,452;1246,7;1047,341;1047,341;1246,7;1371,37
ABATDOBMAG;06;2700;CORTEN;L.C;1400;1003,496;1326,953;1094,366;1094,366;1326,953;1459,648
ABATDOBMAG;06;2700;CORTEN;L.C;1600;1037,54;1407,204;1141,391;1141,391;1407,204;1547,925
ABATDOBMAG;06;2700;CORTEN;L.C;1800;1071,584;1487,456;1188,416;1188,416;1487,456;1636,202
ABATDOBMAG;06;2700;CORTEN;L.C;2000;1105,628;1567,708;1235,442;1235,442;1567,708;1724,479
ABATDOBMAG;06;2700;ROBLE;C.RB;1200;1152,965;1430,213;1230,853;1230,853;1430,213;1573,235
ABATDOBMAG;06;2700;ROBLE;C.RB;1400;1189,545;1513;1280,414;1280,414;1513;1664,301
ABATDOBMAG;06;2700;ROBLE;C.RB;1600;1226,124;1595,789;1329,976;1329,976;1595,789;1755,368
ABATDOBMAG;06;2700;ROBLE;C.RB;1800;1262,704;1678,576;1379,538;1379,538;1678,576;1846,435
ABATDOBMAG;06;2700;ROBLE;C.RB;2000;1299,284;1761,364;1429,098;1429,098;1761,364;1937,501
ABATDOBMAG;06;2700;NOGAL;C.NG;1200;1178,796;1456,045;1256,686;1256,686;1456,045;1601,65
ABATDOBMAG;06;2700;NOGAL;C.NG;1400;1216,415;1539,872;1307,285;1307,285;1539,872;1693,859
ABATDOBMAG;06;2700;NOGAL;C.NG;1600;1254,034;1623,699;1357,886;1357,886;1623,699;1786,069
ABATDOBMAG;06;2700;NOGAL;C.NG;1800;1291,653;1707,526;1408,486;1408,486;1707,526;1878,278
ABATDOBMAG;06;2700;NOGAL;C.NG;2000;1329,272;1791,353;1459,087;1459,087;1791,353;1970,488
ABATDOBMAG;06;2700;ESPECIAL;ESP;1200;1066,397;1371,37;1152,075;1152,075;1371,37;1508,508
ABATDOBMAG;06;2700;ESPECIAL;ESP;1400;1103,846;1459,648;1203,803;1203,803;1459,648;1605,612
ABATDOBMAG;06;2700;ESPECIAL;ESP;1600;1141,294;1547,925;1255,531;1255,531;1547,925;1702,718
ABATDOBMAG;06;2700;ESPECIAL;ESP;1800;1178,742;1636,202;1307,258;1307,258;1636,202;1799,822
ABATDOBMAG;06;2700;ESPECIAL;ESP;2000;1216,19;1724,479;1358,986;1358,986;1724,479;1896,927
ABATIBLECERR;15;2700;BLANCO MATE;L.BM03;600;692,652;831,275;731,596;731,596;831,275;914,402
ABATIBLECERR;15;2700;BLANCO MATE;L.BM03;800;709,471;871,198;754,906;754,906;871,198;958,318
ABATIBLECERR;15;2700;BLANCO MATE;L.BM03;700;726,29;911,122;778,215;778,215;911,122;1002,234
ABATIBLECERR;15;2700;BLANCO MATE;L.BM03;900;743,109;951,045;801,525;801,525;951,045;1046,15
ABATIBLECERR;15;2700;BLANCO MATE;L.BM03;1000;759,928;990,968;824,835;824,835;990,968;1090,065
ABATIBLECERR;15;2700;BLANCO MATE;L.BM03;1100;776,747;1030,891;848,145;848,145;1030,891;1133,98
ABATIBLECERR;15;2500;BLANCO MATE;L.BM03;600;663,283;779,846;695,457;695,457;779,846;857,83
ABATIBLECERR;15;2500;BLANCO MATE;L.BM03;800;678,137;814,127;715,674;715,674;814,127;895,539
ABATIBLECERR;15;2500;BLANCO MATE;L.BM03;700;618,642;848,409;735,891;735,891;848,409;933,25
ABATIBLECERR;15;2500;BLANCO MATE;L.BM03;900;707,846;882,691;756,107;756,107;882,691;970,96
ABATIBLECERR;15;2500;BLANCO MATE;L.BM03;1000;722,7;916,972;776,324;776,324;916,972;1008,669
ABATIBLECERR;15;2500;BLANCO MATE;L.BM03;1100;758,565;993,883;824,674;824,674;993,883;1093,272
ABATIBLECERR;15;2700;NEGRO MATE TEXT;L.NMT;600;666,434;805,059;705,379;705,379;805,059;885,564
ABATIBLECERR;15;2700;NEGRO MATE TEXT;L.NMT;800;683,255;844,981;728,688;728,688;844,981;929,479
ABATIBLECERR;15;2700;NEGRO MATE TEXT;L.NMT;700;700,072;884,905;751,998;751,998;884,905;973,395
ABATIBLECERR;15;2700;NEGRO MATE TEXT;L.NMT;900;716,891;924,828;775,308;775,308;924,828;1017,31
ABATIBLECERR;15;2700;NEGRO MATE TEXT;L.NMT;1000;733,737;964,751;798,618;798,618;964,751;1061,226
ABATIBLECERR;15;2700;NEGRO MATE TEXT;L.NMT;1100;750,529;1004,673;821,927;821,927;1004,673;1105,141
ABATIBLECERR;15;2500;NEGRO MATE TEXT;L.NMT;600;663,283;779,846;695,457;695,457;779,846;857,83
ABATIBLECERR;15;2500;NEGRO MATE TEXT;L.NMT;800;678,137;814,127;715,674;715,674;814,127;895,539
ABATIBLECERR;15;2500;NEGRO MATE TEXT;L.NMT;700;618,642;848,409;735,891;735,891;848,409;933,25
ABATIBLECERR;15;2500;NEGRO MATE TEXT;L.NMT;900;707,846;882,691;756,107;756,107;882,691;970,96
ABATIBLECERR;15;2500;NEGRO MATE TEXT;L.NMT;1000;722,7;916,972;776,324;776,324;916,972;1008,669
ABATIBLECERR;15;2500;NEGRO MATE TEXT;L.NMT;1100;758,565;993,883;824,674;824,674;993,883;1093,272
ABATIBLECERR;15;2700;CORTEN;L.C;600;666,434;805,059;705,379;705,379;805,059;885,564
ABATIBLECERR;15;2700;CORTEN;L.C;800;683,255;844,981;728,688;728,688;844,981;929,479
ABATIBLECERR;15;2700;CORTEN;L.C;700;700,072;884,905;751,998;751,998;884,905;973,395
ABATIBLECERR;15;2700;CORTEN;L.C;900;716,891;924,828;775,308;775,308;924,828;1017,31
ABATIBLECERR;15;2700;CORTEN;L.C;1000;733,737;964,751;798,618;798,618;964,751;1061,226
ABATIBLECERR;15;2700;CORTEN;L.C;1100;750,529;1004,673;821,927;821,927;1004,673;1105,141
ABATIBLECERR;15;2500;CORTEN;L.C;600;663,283;779,846;695,457;695,457;779,846;857,83
ABATIBLECERR;15;2500;CORTEN;L.C;800;678,137;814,127;715,674;715,674;814,127;895,539
ABATIBLECERR;15;2500;CORTEN;L.C;700;618,642;848,409;735,891;735,891;848,409;933,25
ABATIBLECERR;15;2500;CORTEN;L.C;900;707,846;882,691;756,107;756,107;882,691;970,96
ABATIBLECERR;15;2500;CORTEN;L.C;1000;722,7;916,972;776,324;776,324;916,972;1008,669
ABATIBLECERR;15;2500;CORTEN;L.C;1100;758,565;993,883;824,674;824,674;993,883;1093,272
ABATIBLECERR;15;2700;ROBLE;C.RB;600;794,507;933,131;833,451;833,451;933,131;1026,444
ABATIBLECERR;15;2700;ROBLE;C.RB;800;812,588;974,317;858,023;858,023;974,317;1071,748
ABATIBLECERR;15;2700;ROBLE;C.RB;700;830,67;1015,501;882,595;882,595;1015,501;1117,051
ABATIBLECERR;15;2700;ROBLE;C.RB;900;848,751;1056,687;907,167;907,167;1056,687;1162,356
ABATIBLECERR;15;2700;ROBLE;C.RB;1000;866,832;1997,657;931,74;931,74;1997,657;2197,423
ABATIBLECERR;15;2700;ROBLE;C.RB;1100;884,914;1139,058;956,312;956,312;1139,058;1252,964
ABATIBLECERR;15;2500;ROBLE;C.RB;600;763,471;880,034;795,646;795,646;880,034;968,038
ABATIBLECERR;15;2500;ROBLE;C.RB;800;779,588;915,578;817,125;817,125;915,578;1007,136
ABATIBLECERR;15;2500;ROBLE;C.RB;700;795,705;951,123;838,603;838,603;951,123;1046,235
ABATIBLECERR;15;2500;ROBLE;C.RB;900;811,822;986,666;860,083;860,083;986,666;1085,333
ABATIBLECERR;15;2500;ROBLE;C.RB;1000;827,939;1022,211;881,562;881,562;1022,211;1124,432
ABATIBLECERR;15;2500;ROBLE;C.RB;1100;865,065;1100,384;931,174;931,174;1100,384;1210,422
ABATIBLECERR;15;2700;NOGAL;C.NG;600;811,441;950,066;850,386;850,386;950,066;1045,073
ABATIBLECERR;15;2700;NOGAL;C.NG;800;830,031;991,759;875,466;875,466;991,759;1090,934
ABATIBLECERR;15;2700;NOGAL;C.NG;700;848,621;1033,453;900,547;900,547;1033,453;1136,798
ABATIBLECERR;15;2700;NOGAL;C.NG;900;867,211;1075,147;925,628;925,628;1075,147;1182,662
ABATIBLECERR;15;2700;NOGAL;C.NG;1000;885,8;1116,84;950,707;950,707;1116,84;1228,525
ABATIBLECERR;15;2700;NOGAL;C.NG;1100;904,39;1158,535;845,749;845,749;1158,535;1274,388
ABATIBLECERR;15;2500;NOGAL;C.NG;600;779,786;896,349;811,96;811,96;896,349;985,984
ABATIBLECERR;15;2500;NOGAL;C.NG;800;796,411;932,401;833,948;833,948;932,401;1025,641
ABATIBLECERR;15;2500;NOGAL;C.NG;700;813,037;968,455;855,935;855,935;968,455;1065,3
ABATIBLECERR;15;2500;NOGAL;C.NG;900;829,662;1004,507;877,923;877,923;1004,507;1104,958
ABATIBLECERR;15;2500;NOGAL;C.NG;1000;846,287;1040,559;899,911;899,911;1040,559;1144,615
ABATIBLECERR;15;2500;NOGAL;C.NG;1100;883,922;1119,241;950,032;950,032;1119,241;1231,165
ABATIBLECERR;15;2700;ESPECIAL;ESP;600;761,917;914,402;804,756;804,756;914,402;1005,843
ABATIBLECERR;15;2700;ESPECIAL;ESP;800;780,417;958,318;830,396;830,396;958,318;1054,15
ABATIBLECERR;15;2700;ESPECIAL;ESP;700;798,919;1002,234;856,037;856,037;1002,234;1102,457
ABATIBLECERR;15;2700;ESPECIAL;ESP;900;817,42;1046,15;881,677;881,677;1046,15;1150,765
ABATIBLECERR;15;2700;ESPECIAL;ESP;1000;835,921;1090,065;907,318;907,318;1090,065;1199,071
ABATIBLECERR;15;2700;ESPECIAL;ESP;1100;854,422;1133,98;932,959;932,959;1133,98;1247,378
ABATIBLECERR;15;2500;ESPECIAL;ESP;600;729,611;857,83;765,003;765,003;857,83;943,613
ABATIBLECERR;15;2500;ESPECIAL;ESP;800;745,951;895,539;787,241;787,241;895,539;985,093
ABATIBLECERR;15;2500;ESPECIAL;ESP;700;680,506;933,25;809,48;809,48;933,25;1026,575
ABATIBLECERR;15;2500;ESPECIAL;ESP;900;778,631;970,96;831,719;831,719;970,96;1068,056
ABATIBLECERR;15;2500;ESPECIAL;ESP;1000;794,97;1008,669;853,956;853,956;1008,669;1109,536
ABATIBLECERR;15;2500;ESPECIAL;ESP;1100;834,421;1093,272;907,141;907,141;1093,272;1202,599
;;;;;;;;;;;
